Metric,Value
FID,381.951435619634
Inception Score,2.7083401679992676
